Holiday,CountryFilter,City,Country,Link
Thanksgiving,United States,Brussels,Belgium,https://www.google.com/destination?dest_mid=/m/0177z&dest_src=yts&ved=2ahUKEwjEveaGsM3jAhVaj4UKHVa2BuEQm_ECegQIARAP&hl=en&gl=us&tcfs=#dest_mid=/m/0177z&dest_src=yts&tcfs=EhQKCC9tLzAxNzd6EghCcnVzc2Vscw
Thanksgiving,United States,Valencia,Spain,https://www.google.com/destination?dest_mid=/m/0h3tv&dest_src=yts&ved=2ahUKEwjEveaGsM3jAhVaj4UKHVa2BuEQm_ECegQIARAP&hl=en&gl=us&tcfs=#dest_mid=/m/0h3tv&dest_src=yts&tcfs=EhQKCC9tLzBoM3R2EghWYWxlbmNpYQ
Thanksgiving,United States,Port of Spain,Trinidad and Tobago,https://www.google.com/destination?dest_mid=/m/0fs29&dest_src=yts&ved=2ahUKEwjEveaGsM3jAhVaj4UKHVa2BuEQm_ECegQIARAP&hl=en&gl=us&tcfs=#dest_mid=/m/0fs29&dest_src=yts&tcfs=EhkKCC9tLzBmczI5Eg1Qb3J0IG9mIFNwYWlu
Thanksgiving,United States,Reykjavik,Iceland,https://www.google.com/destination?dest_mid=/m/06flg&dest_src=yts&ved=2ahUKEwjEveaGsM3jAhVaj4UKHVa2BuEQm_ECegQIARAP&hl=en&gl=us&tcfs=#dest_mid=/m/06flg&dest_src=yts&tcfs=EhYKCC9tLzA2ZmxnEgpSZXlramF2w61r
Thanksgiving,United States,Sydney,Australia,https://www.google.com/destination?dest_mid=/m/06y57&dest_src=yts&ved=2ahUKEwjEveaGsM3jAhVaj4UKHVa2BuEQm_ECegQIARAP&hl=en&gl=us&tcfs=#dest_mid=/m/06y57&dest_src=yts&tcfs=EhIKCC9tLzA2eTU3EgZTeWRuZXk
Canadian Thanksgiving,Canada,Chicago IL,US,https://www.google.com/destination?dest_mid=/m/01_d4&dest_src=yts&ved=2ahUKEwjEveaGsM3jAhVaj4UKHVa2BuEQm_ECegQIARAP&hl=en&gl=us&tcfs=#dest_mid=/m/01_d4&dest_src=yts&tcfs=EhMKCC9tLzAxX2Q0EgdDaGljYWdv
Canadian Thanksgiving,Canada,Nashville TN,US,https://www.google.com/destination?dest_mid=/m/05jbn&dest_src=yts&ved=2ahUKEwjEveaGsM3jAhVaj4UKHVa2BuEQm_ECegQIARAP&hl=en&gl=us&tcfs=#dest_mid=/m/05jbn&dest_src=yts&tcfs=EhUKCC9tLzA1amJuEglOYXNodmlsbGU
Canadian Thanksgiving,Canada,Las Vegas NV,US,https://www.google.com/destination?dest_mid=/m/0cv3w&dest_src=yts&ved=2ahUKEwjEveaGsM3jAhVaj4UKHVa2BuEQm_ECegQIARAP&hl=en&gl=us&tcfs=#dest_mid=/m/0cv3w&dest_src=yts&tcfs=EhUKCC9tLzBjdjN3EglMYXMgVmVnYXM
Canadian Thanksgiving,Canada,Cleveland OH,US,https://www.google.com/destination?dest_mid=/m/01sn3&dest_src=yts&ved=2ahUKEwjEveaGsM3jAhVaj4UKHVa2BuEQm_ECegQIARAP&hl=en&gl=us&tcfs=#dest_mid=/m/01sn3&dest_src=yts&tcfs=EhUKCC9tLzAxc24zEglDbGV2ZWxhbmQ
Canadian Thanksgiving,Canada,New York NY,US,https://www.google.com/destination?dest_mid=/m/02_286&dest_src=yts&ved=2ahUKEwjEveaGsM3jAhVaj4UKHVa2BuEQm_ECegQIARAP&hl=en&gl=us&tcfs=#dest_mid=/m/02_286&dest_src=yts&tcfs=EhUKCS9tLzAyXzI4NhIITmV3IFlvcms
December Holidays,United States,Pape'ete,French Polynesia,"https://www.google.com/travel/guide?hl=en&gl=us&output=search&tra=%5B%22AMAbHIJtMuiS5SsGFbH74hev_52Huy1JqQ:1563965511803%22,%22papeete+french+polynesia%22,%22/m/02_286%22%5D&tcfs=EhUKCS9tLzAyXzI4NhIITmV3IFlvcms&dest_mid=/m/02gl8f#dest_mid=/m/02gl8f&tcfs=EhUKCS9tLzAyZ2w4ZhIIUGFwZSdldGU"
December Holidays,United States,Grand Cayman Island,,"https://www.google.com/destination?hl=en&gl=us&output=search&tra=%5B%22AMAbHIJtMuiS5SsGFbH74hev_52Huy1JqQ:1563965511803%22,%22papeete+french+polynesia%22,%22/m/02_286%22%5D&tcfs=&dest_mid=/m/01p7lq#dest_mid=/m/01p7lq&tcfs=EhkKCS9tLzAxcDdscRIMR3JhbmQgQ2F5bWFu"
December Holidays,United States,Aruba,,"https://www.google.com/destination?hl=en&gl=us&output=search&tra=%5B%22AMAbHIJtMuiS5SsGFbH74hev_52Huy1JqQ:1563965511803%22,%22papeete+french+polynesia%22,%22/m/02_286%22%5D&tcfs=&dest_mid=/m/0j11#dest_mid=/m/0j11&tcfs=EhAKBy9tLzBqMTESBUFydWJh"
December Holidays,United States,Saint Lucia,,"https://www.google.com/travel/guide?hl=en&gl=us&output=search&tra=%5B%22AMAbHIJtir6Fq-EnLw5Y-YA2YXAhRe7exw:1563965917600%22,%22St+lucia%22,%22/m/0j11%22%5D&tcfs=EhAKBy9tLzBqMTESBUFydWJh&dest_mid=/m/06s0l#dest_mid=/m/06s0l&tcfs=EhcKCC9tLzA2czBsEgtTYWludCBMdWNpYQ"
December Holidays,United States,Belize City,Belize,"https://www.google.com/destination?hl=en&gl=us&output=search&tra=%5B%22AMAbHIJtir6Fq-EnLw5Y-YA2YXAhRe7exw:1563965917600%22,%22St+lucia%22,%22/m/0j11%22%5D&tcfs=&dest_mid=/m/0177xm#dest_mid=/m/0177xm&tcfs=EhgKCS9tLzAxNzd4bRILQmVsaXplIENpdHk"
December Holidays,Canada,Cancún,Mexico,"https://www.google.com/destination?hl=en&gl=us&output=search&tra=%5B%22AMAbHIJtir6Fq-EnLw5Y-YA2YXAhRe7exw:1563965917600%22,%22St+lucia%22,%22/m/0j11%22%5D&tcfs=&dest_mid=/m/01q98m#dest_mid=/m/01q98m&tcfs=EhQKCS9tLzAxcTk4bRIHQ2FuY8O6bg"
December Holidays,Canada,Puerto Vallarta,Mexico,"https://www.google.com/destination?hl=en&gl=us&output=search&tra=%5B%22AMAbHIJtir6Fq-EnLw5Y-YA2YXAhRe7exw:1563965917600%22,%22St+lucia%22,%22/m/0j11%22%5D&tcfs=&dest_mid=/m/01btzt#dest_mid=/m/01btzt&tcfs=EhwKCS9tLzAxYnR6dBIPUHVlcnRvIFZhbGxhcnRh"
December Holidays,Canada,San Juan,Puerto Rico,"https://www.google.com/destination?hl=en&gl=us&output=search&tra=%5B%22AMAbHIJtir6Fq-EnLw5Y-YA2YXAhRe7exw:1563965917600%22,%22St+lucia%22,%22/m/0j11%22%5D&tcfs=&dest_mid=/m/0fw4v#dest_mid=/m/0fw4v&tcfs=EhQKCC9tLzBmdzR2EghTYW4gSnVhbg"
December Holidays,Canada,Liberia,Costa Rica,"https://www.google.com/destination?hl=en&gl=us&output=search&tra=%5B%22AMAbHIJtir6Fq-EnLw5Y-YA2YXAhRe7exw:1563965917600%22,%22St+lucia%22,%22/m/0j11%22%5D&tcfs=&dest_mid=/m/03cpv3#dest_mid=/m/03cpv3&tcfs=EhQKCS9tLzAzY3B2MxIHTGliZXJpYQ"
December Holidays,Canada,San José,Costa Rica,"https://www.google.com/destination?hl=en&gl=us&output=search&tra=%5B%22AMAbHIJtir6Fq-EnLw5Y-YA2YXAhRe7exw:1563965917600%22,%22St+lucia%22,%22/m/0j11%22%5D&tcfs=&dest_mid=/m/01g3b2#dest_mid=/m/01g3b2&tcfs=EhYKCS9tLzAxZzNiMhIJU2FuIEpvc8Op"
December Holidays,United Kingdom,Miami FL,US,"https://www.google.com/destination?hl=en&gl=us&output=search&tra=%5B%22AMAbHIJtir6Fq-EnLw5Y-YA2YXAhRe7exw:1563965917600%22,%22St+lucia%22,%22/m/0j11%22%5D&tcfs=&dest_mid=/m/0f2v0#dest_mid=/m/0f2v0&tcfs=EhEKCC9tLzBmMnYwEgVNaWFtaQ"
December Holidays,United Kingdom,Tenerife,Spain,"https://www.google.com/destination?hl=en&gl=us&output=search&tra=%5B%22AMAbHIJtir6Fq-EnLw5Y-YA2YXAhRe7exw:1563965917600%22,%22St+lucia%22,%22/m/0j11%22%5D&tcfs=&dest_mid=/m/01nqb1#dest_mid=/m/01nqb1&tcfs=EhUKCS9tLzAxbnFiMRIIVGVuZXJpZmU"
December Holidays,United Kingdom,Lanzarote,Spain,"https://www.google.com/travel/guide?hl=en&gl=us&output=search&tra=%5B%22AMAbHIKcp-IIajzf0ORgUvQldluT68nogQ:1563967608322%22,%22lanzarote%22,%22/m/01nqb1%22%5D&tcfs=EhUKCS9tLzAxbnFiMRIIVGVuZXJpZmU&dest_mid=/m/01s8wm#dest_mid=/m/01s8wm&tcfs=EhYKCS9tLzAxczh3bRIJTGFuemFyb3Rl"
December Holidays,United Kingdom,Cape Town,South Africa,"https://www.google.com/destination?hl=en&gl=us&output=search&tra=%5B%22AMAbHIKcp-IIajzf0ORgUvQldluT68nogQ:1563967608322%22,%22lanzarote%22,%22/m/01nqb1%22%5D&tcfs=&dest_mid=/m/01yj2#dest_mid=/m/01yj2&tcfs=EhUKCC9tLzAxeWoyEglDYXBlIFRvd24"
December Holidays,United Kingdom,New York NY,US,https://www.google.com/destination?dest_mid=/m/02_286&dest_src=yts&ved=2ahUKEwjEveaGsM3jAhVaj4UKHVa2BuEQm_ECegQIARAP&hl=en&gl=us&tcfs=#dest_mid=/m/02_286&dest_src=yts&tcfs=EhUKCS9tLzAyXzI4NhIITmV3IFlvcms
December Holidays,Netherlands,Dubai,UAE,"https://www.google.com/destination?hl=en&gl=us&output=search&tra=%5B%22AMAbHIKcp-IIajzf0ORgUvQldluT68nogQ:1563967608322%22,%22lanzarote%22,%22/m/01nqb1%22%5D&tcfs=&dest_mid=/m/01f08r#dest_mid=/m/01f08r&tcfs=EhIKCS9tLzAxZjA4chIFRHViYWk"
December Holidays,Netherlands,Miami FL,US,"https://www.google.com/destination?hl=en&gl=us&output=search&tra=%5B%22AMAbHIJtir6Fq-EnLw5Y-YA2YXAhRe7exw:1563965917600%22,%22St+lucia%22,%22/m/0j11%22%5D&tcfs=&dest_mid=/m/0f2v0#dest_mid=/m/0f2v0&tcfs=EhEKCC9tLzBmMnYwEgVNaWFtaQ"
December Holidays,Netherlands,Bangkok,Thailand,"https://www.google.com/destination?hl=en&gl=us&output=search&tra=%5B%22AMAbHIKcp-IIajzf0ORgUvQldluT68nogQ:1563967608322%22,%22lanzarote%22,%22/m/01nqb1%22%5D&tcfs=&dest_mid=/m/0fn2g#dest_mid=/m/0fn2g&tcfs=EhMKCC9tLzBmbjJnEgdCYW5na29r"
December Holidays,Netherlands,Cape Town,South Africa,"https://www.google.com/destination?hl=en&gl=us&output=search&tra=%5B%22AMAbHIKcp-IIajzf0ORgUvQldluT68nogQ:1563967608322%22,%22lanzarote%22,%22/m/01nqb1%22%5D&tcfs=&dest_mid=/m/01yj2#dest_mid=/m/01yj2&tcfs=EhUKCC9tLzAxeWoyEglDYXBlIFRvd24"
December Holidays,Netherlands,Curaçao,,"https://www.google.com/destination?hl=en&gl=us&output=search&tra=%5B%22AMAbHIKcp-IIajzf0ORgUvQldluT68nogQ:1563967608322%22,%22lanzarote%22,%22/m/01nqb1%22%5D&tcfs=&dest_mid=/m/0hbgh#dest_mid=/m/0hbgh&tcfs=EhQKCC9tLzBoYmdoEghDdXJhw6dhbw"
December Holidays,Germany,Dubai,UAE,"https://www.google.com/destination?hl=en&gl=us&output=search&tra=%5B%22AMAbHIKcp-IIajzf0ORgUvQldluT68nogQ:1563967608322%22,%22lanzarote%22,%22/m/01nqb1%22%5D&tcfs=&dest_mid=/m/01f08r#dest_mid=/m/01f08r&tcfs=EhIKCS9tLzAxZjA4chIFRHViYWk"
December Holidays,Germany,Cape Town,South Africa,"https://www.google.com/destination?hl=en&gl=us&output=search&tra=%5B%22AMAbHIKcp-IIajzf0ORgUvQldluT68nogQ:1563967608322%22,%22lanzarote%22,%22/m/01nqb1%22%5D&tcfs=&dest_mid=/m/01yj2#dest_mid=/m/01yj2&tcfs=EhUKCC9tLzAxeWoyEglDYXBlIFRvd24"
December Holidays,Germany,Miami FL,US,"https://www.google.com/destination?hl=en&gl=us&output=search&tra=%5B%22AMAbHIJtir6Fq-EnLw5Y-YA2YXAhRe7exw:1563965917600%22,%22St+lucia%22,%22/m/0j11%22%5D&tcfs=&dest_mid=/m/0f2v0#dest_mid=/m/0f2v0&tcfs=EhEKCC9tLzBmMnYwEgVNaWFtaQ"
December Holidays,Germany,New York NY,US,https://www.google.com/destination?dest_mid=/m/02_286&dest_src=yts&ved=2ahUKEwjEveaGsM3jAhVaj4UKHVa2BuEQm_ECegQIARAP&hl=en&gl=us&tcfs=#dest_mid=/m/02_286&dest_src=yts&tcfs=EhUKCS9tLzAyXzI4NhIITmV3IFlvcms
December Holidays,Germany,Tromsø,Norway,"https://www.google.com/destination?hl=en&gl=us&output=search&tra=%5B%22AMAbHIKcp-IIajzf0ORgUvQldluT68nogQ:1563967608322%22,%22lanzarote%22,%22/m/01nqb1%22%5D&tcfs=&dest_mid=/m/018bvl#dest_mid=/m/018bvl&tcfs=EhQKCS9tLzAxOGJ2bBIHVHJvbXPDuA"
December Holidays,France,Fort-de-France,Martinique,"https://www.google.com/travel/guide?hl=en&gl=us&output=search&tra=%5B%22AMAbHIKvhAxLmWUAlNh4N4GfyTolCtMxIQ:1563967820520%22,%22fort+de+france%22,%22/m/018bvl%22%5D&tcfs=EhQKCS9tLzAxOGJ2bBIHVHJvbXPDuA&dest_mid=/m/01lsnl#dest_mid=/m/01lsnl&tcfs=Eh8KCS9tLzAxbHNubBISRm9ydC1kZS1GcmFuY2UgQmF5"
December Holidays,France,Pointe-a-Pitre,Guadeloupe,"https://www.google.com/destination?hl=en&gl=us&output=search&tra=%5B%22AMAbHIKvhAxLmWUAlNh4N4GfyTolCtMxIQ:1563967820520%22,%22fort+de+france%22,%22/m/018bvl%22%5D&tcfs=&dest_mid=/m/01zw6w#dest_mid=/m/01zw6w&tcfs=EhsKCS9tLzAxenc2dxIOUG9pbnRlLWEtUGl0cmU"
December Holidays,France,New York NY,US,https://www.google.com/destination?dest_mid=/m/02_286&dest_src=yts&ved=2ahUKEwjEveaGsM3jAhVaj4UKHVa2BuEQm_ECegQIARAP&hl=en&gl=us&tcfs=#dest_mid=/m/02_286&dest_src=yts&tcfs=EhUKCS9tLzAyXzI4NhIITmV3IFlvcms
December Holidays,France,Miami FL,US,"https://www.google.com/destination?hl=en&gl=us&output=search&tra=%5B%22AMAbHIJtir6Fq-EnLw5Y-YA2YXAhRe7exw:1563965917600%22,%22St+lucia%22,%22/m/0j11%22%5D&tcfs=&dest_mid=/m/0f2v0#dest_mid=/m/0f2v0&tcfs=EhEKCC9tLzBmMnYwEgVNaWFtaQ"
December Holidays,France,Dubai,UAE,"https://www.google.com/destination?hl=en&gl=us&output=search&tra=%5B%22AMAbHIKcp-IIajzf0ORgUvQldluT68nogQ:1563967608322%22,%22lanzarote%22,%22/m/01nqb1%22%5D&tcfs=&dest_mid=/m/01f08r#dest_mid=/m/01f08r&tcfs=EhIKCS9tLzAxZjA4chIFRHViYWk"
December Holidays,Brazil,Natal,Brazil,"https://www.google.com/destination?hl=en&gl=us&output=search&tra=%5B%22AMAbHIKvhAxLmWUAlNh4N4GfyTolCtMxIQ:1563967820520%22,%22fort+de+france%22,%22/m/018bvl%22%5D&tcfs=&dest_mid=/m/030crm#dest_mid=/m/030crm&tcfs=EhIKCS9tLzAzMGNybRIFTmF0YWw"
December Holidays,Brazil,Cancún,Mexico,"https://www.google.com/destination?hl=en&gl=us&output=search&tra=%5B%22AMAbHIJtir6Fq-EnLw5Y-YA2YXAhRe7exw:1563965917600%22,%22St+lucia%22,%22/m/0j11%22%5D&tcfs=&dest_mid=/m/01q98m#dest_mid=/m/01q98m&tcfs=EhQKCS9tLzAxcTk4bRIHQ2FuY8O6bg"
December Holidays,Brazil,Maceió,Brazil,"https://www.google.com/destination?hl=en&gl=us&output=search&tra=%5B%22AMAbHIKvhAxLmWUAlNh4N4GfyTolCtMxIQ:1563967820520%22,%22fort+de+france%22,%22/m/018bvl%22%5D&tcfs=&dest_mid=/m/03dz6h#dest_mid=/m/03dz6h&tcfs=EhQKCS9tLzAzZHo2aBIHTWFjZWnDsw"
December Holidays,Brazil,Caxias do Sul,Brazil,"https://www.google.com/destination?hl=en&gl=us&output=search&tra=%5B%22AMAbHIKvhAxLmWUAlNh4N4GfyTolCtMxIQ:1563967820520%22,%22fort+de+france%22,%22/m/018bvl%22%5D&tcfs=&dest_mid=/m/03dyk5#dest_mid=/m/03dyk5&tcfs=EhoKCS9tLzAzZHlrNRINQ2F4aWFzIGRvIFN1bA"
December Holidays,Brazil,New York NY,US,https://www.google.com/destination?dest_mid=/m/02_286&dest_src=yts&ved=2ahUKEwjEveaGsM3jAhVaj4UKHVa2BuEQm_ECegQIARAP&hl=en&gl=us&tcfs=#dest_mid=/m/02_286&dest_src=yts&tcfs=EhUKCS9tLzAyXzI4NhIITmV3IFlvcms
December Holidays,Mexico,New York NY,US,https://www.google.com/destination?dest_mid=/m/02_286&dest_src=yts&ved=2ahUKEwjEveaGsM3jAhVaj4UKHVa2BuEQm_ECegQIARAP&hl=en&gl=us&tcfs=#dest_mid=/m/02_286&dest_src=yts&tcfs=EhUKCS9tLzAyXzI4NhIITmV3IFlvcms
December Holidays,Mexico,Cancún,Mexico,"https://www.google.com/destination?hl=en&gl=us&output=search&tra=%5B%22AMAbHIJtir6Fq-EnLw5Y-YA2YXAhRe7exw:1563965917600%22,%22St+lucia%22,%22/m/0j11%22%5D&tcfs=&dest_mid=/m/01q98m#dest_mid=/m/01q98m&tcfs=EhQKCS9tLzAxcTk4bRIHQ2FuY8O6bg"
December Holidays,Mexico,Orlando FL,US,"https://www.google.com/destination?hl=en&gl=us&output=search&tra=%5B%22AMAbHIKvhAxLmWUAlNh4N4GfyTolCtMxIQ:1563967820520%22,%22fort+de+france%22,%22/m/018bvl%22%5D&tcfs=&dest_mid=/m/0ply0#dest_mid=/m/0ply0&tcfs=EhMKCC9tLzBwbHkwEgdPcmxhbmRv"
December Holidays,Mexico,Havana,Cuba,"https://www.google.com/destination?hl=en&gl=us&output=search&tra=%5B%22AMAbHIKvhAxLmWUAlNh4N4GfyTolCtMxIQ:1563967820520%22,%22fort+de+france%22,%22/m/018bvl%22%5D&tcfs=&dest_mid=/m/0d6hn#dest_mid=/m/0d6hn&tcfs=EhIKCC9tLzBkNmhuEgZIYXZhbmE"
December Holidays,Mexico,Vancouver,Canada,"https://www.google.com/destination?hl=en&gl=us&output=search&tra=%5B%22AMAbHIKvhAxLmWUAlNh4N4GfyTolCtMxIQ:1563967820520%22,%22fort+de+france%22,%22/m/018bvl%22%5D&tcfs=&dest_mid=/m/080h2#dest_mid=/m/080h2&tcfs=EhUKCC9tLzA4MGgyEglWYW5jb3V2ZXI"
December Holidays,Colombia,San Andrés Island,Colombia,"https://www.google.com/travel/guide?hl=en&gl=us&output=search&tra=%5B%22AMAbHIIdwjAs0dTsZ8v60mB6SPVZbl-Z5w:1563972608075%22,%22san+andres+island%22,%22/m/080h2%22%5D&tcfs=EhUKCC9tLzA4MGgyEglWYW5jb3V2ZXI&dest_mid=/m/09gmd9f#dest_mid=/m/09gmd9f&tcfs=EhkKCi9tLzA5Z21kOWYSC1NhbiBBbmRyw6lz"
December Holidays,Colombia,Cartagena,Colombia,"https://www.google.com/destination?hl=en&gl=us&output=search&tra=%5B%22AMAbHIIdwjAs0dTsZ8v60mB6SPVZbl-Z5w:1563972608075%22,%22san+andres+island%22,%22/m/080h2%22%5D&tcfs=&dest_mid=/m/0h45n#dest_mid=/m/0h45n&tcfs=EhUKCC9tLzBoNDVuEglDYXJ0YWdlbmE"
December Holidays,Colombia,Santa Marta,Colombis,"https://www.google.com/destination?hl=en&gl=us&output=search&tra=%5B%22AMAbHIIdwjAs0dTsZ8v60mB6SPVZbl-Z5w:1563972608075%22,%22san+andres+island%22,%22/m/080h2%22%5D&tcfs=&dest_mid=/m/02nslc#dest_mid=/m/02nslc&tcfs=EhgKCS9tLzAybnNsYxILU2FudGEgTWFydGE"
December Holidays,Colombia,Cancún,Mexico,"https://www.google.com/destination?hl=en&gl=us&output=search&tra=%5B%22AMAbHIJtir6Fq-EnLw5Y-YA2YXAhRe7exw:1563965917600%22,%22St+lucia%22,%22/m/0j11%22%5D&tcfs=&dest_mid=/m/01q98m#dest_mid=/m/01q98m&tcfs=EhQKCS9tLzAxcTk4bRIHQ2FuY8O6bg"
December Holidays,Colombia,Miami FL,US,"https://www.google.com/destination?hl=en&gl=us&output=search&tra=%5B%22AMAbHIJtir6Fq-EnLw5Y-YA2YXAhRe7exw:1563965917600%22,%22St+lucia%22,%22/m/0j11%22%5D&tcfs=&dest_mid=/m/0f2v0#dest_mid=/m/0f2v0&tcfs=EhEKCC9tLzBmMnYwEgVNaWFtaQ"
December Holidays,Argentina,Rio de Janerio,Brazil,"https://www.google.com/destination?hl=en&gl=us&output=search&tra=%5B%22AMAbHIIdwjAs0dTsZ8v60mB6SPVZbl-Z5w:1563972608075%22,%22san+andres+island%22,%22/m/080h2%22%5D&tcfs=&dest_mid=/m/06gmr#dest_mid=/m/06gmr&tcfs=EhoKCC9tLzA2Z21yEg5SaW8gZGUgSmFuZWlybw"
December Holidays,Argentina,Cancún,Mexico,"https://www.google.com/destination?hl=en&gl=us&output=search&tra=%5B%22AMAbHIJtir6Fq-EnLw5Y-YA2YXAhRe7exw:1563965917600%22,%22St+lucia%22,%22/m/0j11%22%5D&tcfs=&dest_mid=/m/01q98m#dest_mid=/m/01q98m&tcfs=EhQKCS9tLzAxcTk4bRIHQ2FuY8O6bg"
December Holidays,Argentina,Ushuaia,Argentina,"https://www.google.com/destination?hl=en&gl=us&output=search&tra=%5B%22AMAbHIIdwjAs0dTsZ8v60mB6SPVZbl-Z5w:1563972608075%22,%22san+andres+island%22,%22/m/080h2%22%5D&tcfs=&dest_mid=/m/01zdns#dest_mid=/m/01zdns&tcfs=EhQKCS9tLzAxemRucxIHVXNodWFpYQ"
December Holidays,Argentina,El Calafate,Argentina,"https://www.google.com/destination?hl=en&gl=us&output=search&tra=%5B%22AMAbHIIdwjAs0dTsZ8v60mB6SPVZbl-Z5w:1563972608075%22,%22san+andres+island%22,%22/m/080h2%22%5D&tcfs=&dest_mid=/m/0bzq9k#dest_mid=/m/0bzq9k&tcfs=EhgKCS9tLzBienE5axILRWwgQ2FsYWZhdGU"
December Holidays,Argentina,New York NY,US,https://www.google.com/destination?dest_mid=/m/02_286&dest_src=yts&ved=2ahUKEwjEveaGsM3jAhVaj4UKHVa2BuEQm_ECegQIARAP&hl=en&gl=us&tcfs=#dest_mid=/m/02_286&dest_src=yts&tcfs=EhUKCS9tLzAyXzI4NhIITmV3IFlvcms
December Holidays,Chile,Easter Island,Chile,"https://www.google.com/travel/guide?hl=en&gl=us&tcfs=EjMKCC9tLzBkX3p6Eg1FYXN0ZXIgSXNsYW5kGhgKCjIwMTktMDgtMDkSCjIwMTktMDgtMTM&output=search&tra=%5B%22AMAbHILLm3qoh8IqitSbR-j8lJ47eBWpCg:1563972946110%22,%22easter+island+chile%22,%22/m/0d_zz%22%5D&dest_mid=/m/0d_zz"
December Holidays,Chile,Punta Arenas,Chile,"https://www.google.com/destination?hl=en&gl=us&tcfs=&output=search&tra=%5B%22AMAbHILLm3qoh8IqitSbR-j8lJ47eBWpCg:1563972946110%22,%22easter+island+chile%22,%22/m/0d_zz%22%5D&dest_mid=/m/02n5vc#dest_mid=/m/02n5vc&tcfs=EhkKCS9tLzAybjV2YxIMUHVudGEgQXJlbmFz"
December Holidays,Chile,Calama,Chile,"https://www.google.com/destination?hl=en&gl=us&tcfs=&output=search&tra=%5B%22AMAbHILLm3qoh8IqitSbR-j8lJ47eBWpCg:1563972946110%22,%22easter+island+chile%22,%22/m/0d_zz%22%5D&dest_mid=/m/045535#dest_mid=/m/045535&tcfs=EhMKCS9tLzA0NTUzNRIGQ2FsYW1h"
December Holidays,Chile,Puerto Natales,Chile,"https://www.google.com/destination?hl=en&gl=us&tcfs=&output=search&tra=%5B%22AMAbHILLm3qoh8IqitSbR-j8lJ47eBWpCg:1563972946110%22,%22easter+island+chile%22,%22/m/0d_zz%22%5D&dest_mid=/m/0bb14q#dest_mid=/m/0bb14q&tcfs=EhsKCS9tLzBiYjE0cRIOUHVlcnRvIE5hdGFsZXM"
December Holidays,Chile,Rio de Janerio,Brazil,"https://www.google.com/destination?hl=en&gl=us&output=search&tra=%5B%22AMAbHIIdwjAs0dTsZ8v60mB6SPVZbl-Z5w:1563972608075%22,%22san+andres+island%22,%22/m/080h2%22%5D&tcfs=&dest_mid=/m/06gmr#dest_mid=/m/06gmr&tcfs=EhoKCC9tLzA2Z21yEg5SaW8gZGUgSmFuZWlybw"
December Holidays,Peru,Cuzco,Peru,"https://www.google.com/travel/guide?hl=en&gl=us&output=search&tra=%5B%22AMAbHIInKbrKKdaxOO2JajyZHqwu9-cmOQ:1563972991207%22,%22cuzco%22,%22/m/0bb14q%22%5D&tcfs=EhsKCS9tLzBiYjE0cRIOUHVlcnRvIE5hdGFsZXM&dest_mid=/m/0jld3#dest_mid=/m/0jld3&tcfs=EhEKCC9tLzBqbGQzEgVDdXNjbw"
December Holidays,Peru,Buenos Aires,Argentina,"https://www.google.com/destination?hl=en&gl=us&output=search&tra=%5B%22AMAbHIInKbrKKdaxOO2JajyZHqwu9-cmOQ:1563972991207%22,%22cuzco%22,%22/m/0bb14q%22%5D&tcfs=&dest_mid=/m/01ly5m#dest_mid=/m/01ly5m&tcfs=EhkKCS9tLzAxbHk1bRIMQnVlbm9zIEFpcmVz"
December Holidays,Peru,Santiago,Chile,"https://www.google.com/destination?hl=en&gl=us&output=search&tra=%5B%22AMAbHIInKbrKKdaxOO2JajyZHqwu9-cmOQ:1563972991207%22,%22cuzco%22,%22/m/0bb14q%22%5D&tcfs=&dest_mid=/m/0dlqv#dest_mid=/m/0dlqv&tcfs=EhQKCC9tLzBkbHF2EghTYW50aWFnbw"
December Holidays,Peru,Miami FL,US,"https://www.google.com/destination?hl=en&gl=us&output=search&tra=%5B%22AMAbHIJtir6Fq-EnLw5Y-YA2YXAhRe7exw:1563965917600%22,%22St+lucia%22,%22/m/0j11%22%5D&tcfs=&dest_mid=/m/0f2v0#dest_mid=/m/0f2v0&tcfs=EhEKCC9tLzBmMnYwEgVNaWFtaQ"
December Holidays,Peru,Cancún,Mexico,"https://www.google.com/destination?hl=en&gl=us&output=search&tra=%5B%22AMAbHIJtir6Fq-EnLw5Y-YA2YXAhRe7exw:1563965917600%22,%22St+lucia%22,%22/m/0j11%22%5D&tcfs=&dest_mid=/m/01q98m#dest_mid=/m/01q98m&tcfs=EhQKCS9tLzAxcTk4bRIHQ2FuY8O6bg"
December Holidays,Singapore,Seoul,South Korea,"https://www.google.com/destination?hl=en&gl=us&output=search&tra=%5B%22AMAbHIJtir6Fq-EnLw5Y-YA2YXAhRe7exw:1563965917600%22,%22St+lucia%22,%22/m/0j11%22%5D&tcfs=&dest_mid=/m/0hsqf#dest_mid=/m/0hsqf&tcfs=EhEKCC9tLzBoc3FmEgVTZW91bA"
December Holidays,Singapore,Tokyo,Japan,"https://www.google.com/destination?hl=en&gl=us&output=search&tra=%5B%22AMAbHIJtir6Fq-EnLw5Y-YA2YXAhRe7exw:1563965917600%22,%22St+lucia%22,%22/m/0j11%22%5D&tcfs=&dest_mid=/m/07dfk#dest_mid=/m/07dfk&tcfs=EhEKCC9tLzA3ZGZrEgVUb2t5bw"
December Holidays,Singapore,Taipei,Taiwan,"https://www.google.com/destination?hl=en&gl=us&output=search&tra=%5B%22AMAbHIJtir6Fq-EnLw5Y-YA2YXAhRe7exw:1563965917600%22,%22St+lucia%22,%22/m/0j11%22%5D&tcfs=&dest_mid=/m/0ftkx#dest_mid=/m/0ftkx&tcfs=EhIKCC9tLzBmdGt4EgZUYWlwZWk"
December Holidays,Singapore,Sapporo,Japan,"https://www.google.com/destination?hl=en&gl=us&output=search&tra=%5B%22AMAbHIJtir6Fq-EnLw5Y-YA2YXAhRe7exw:1563965917600%22,%22St+lucia%22,%22/m/0j11%22%5D&tcfs=&dest_mid=/m/0gp5l6#dest_mid=/m/0gp5l6&tcfs=EhQKCS9tLzBncDVsNhIHU2FwcG9ybw"
December Holidays,Singapore,Osaka,Japan,"https://www.google.com/destination?hl=en&gl=us&output=search&tra=%5B%22AMAbHIJtir6Fq-EnLw5Y-YA2YXAhRe7exw:1563965917600%22,%22St+lucia%22,%22/m/0j11%22%5D&tcfs=&dest_mid=/m/0dqyw#dest_mid=/m/0dqyw&tcfs=EhEKCC9tLzBkcXl3EgVPc2FrYQ"
December Holidays,Japan,Honolulu HI,US,"https://www.google.com/destination?hl=en&gl=us&output=search&tra=%5B%22AMAbHIJtir6Fq-EnLw5Y-YA2YXAhRe7exw:1563965917600%22,%22St+lucia%22,%22/m/0j11%22%5D&tcfs=&dest_mid=/m/02hrh0_#dest_mid=/m/02hrh0_&tcfs=EhYKCi9tLzAyaHJoMF8SCEhvbm9sdWx1"
December Holidays,Japan,Manila,Philippines,"https://www.google.com/destination?hl=en&gl=us&output=search&tra=%5B%22AMAbHIJtir6Fq-EnLw5Y-YA2YXAhRe7exw:1563965917600%22,%22St+lucia%22,%22/m/0j11%22%5D&tcfs=&dest_mid=/m/0195pd#dest_mid=/m/0195pd&tcfs=EhMKCS9tLzAxOTVwZBIGTWFuaWxh"
December Holidays,Japan,Guam,,"https://www.google.com/destination?hl=en&gl=us&output=search&tra=%5B%22AMAbHIJtir6Fq-EnLw5Y-YA2YXAhRe7exw:1563965917600%22,%22St+lucia%22,%22/m/0j11%22%5D&tcfs=&dest_mid=/m/034tl#dest_mid=/m/034tl&tcfs=EhAKCC9tLzAzNHRsEgRHdWFt"
December Holidays,Japan,Bangkok,Thailand,"https://www.google.com/destination?hl=en&gl=us&output=search&tra=%5B%22AMAbHIJtir6Fq-EnLw5Y-YA2YXAhRe7exw:1563965917600%22,%22St+lucia%22,%22/m/0j11%22%5D&tcfs=&dest_mid=/m/0fn2g#dest_mid=/m/0fn2g&tcfs=EhMKCC9tLzBmbjJnEgdCYW5na29r"
December Holidays,Japan,Bali,Indonesia,"https://www.google.com/travel/guide?hl=en&gl=us&output=search&tra=%5B%22AMAbHIJJ3CXvXXia6C4x1IwMBD-Y8d3DYg:1563974510064%22,%22bali%22,%22/m/0fn2g%22%5D&tcfs=EhMKCC9tLzBmbjJnEgdCYW5na29r&dest_mid=/m/01bkb#dest_mid=/m/01bkb&tcfs=EhkKCC9tLzAxYmtiEg1CYWxpIFByb3ZpbmNl"
December Holidays,Australia,Bali,Indonesia,"https://www.google.com/travel/guide?hl=en&gl=us&output=search&tra=%5B%22AMAbHIJJ3CXvXXia6C4x1IwMBD-Y8d3DYg:1563974510064%22,%22bali%22,%22/m/0fn2g%22%5D&tcfs=EhMKCC9tLzBmbjJnEgdCYW5na29r&dest_mid=/m/01bkb#dest_mid=/m/01bkb&tcfs=EhkKCC9tLzAxYmtiEg1CYWxpIFByb3ZpbmNl"
December Holidays,Australia,Tokyo,Japan,"https://www.google.com/destination?hl=en&gl=us&output=search&tra=%5B%22AMAbHIJtir6Fq-EnLw5Y-YA2YXAhRe7exw:1563965917600%22,%22St+lucia%22,%22/m/0j11%22%5D&tcfs=&dest_mid=/m/07dfk#dest_mid=/m/07dfk&tcfs=EhEKCC9tLzA3ZGZrEgVUb2t5bw"
December Holidays,Australia,Singapore,,https://www.google.com/destination?hl=en&gl=us&tcfs=EhkKCC9tLzAxYmtiEg1CYWxpIFByb3ZpbmNl&output=search&dest_mid=/m/06t2t#dest_mid=/m/06t2t&tcfs=EhUKCC9tLzA2dDJ0EglTaW5nYXBvcmU
December Holidays,Australia,Hong Kong,,"https://www.google.com/travel/guide?hl=en&gl=us&tcfs=EhUKCC9tLzA2dDJ0EglTaW5nYXBvcmU&output=search&tra=%5B%22AMAbHILe5FC1d5WUJop7f58HJ27YTyRYJQ:1563974547580%22,%22hong+kong%22,%22/m/06t2t%22%5D&dest_mid=/m/03h64#dest_mid=/m/03h64&tcfs=EhUKCC9tLzAzaDY0EglIb25nIEtvbmc"
December Holidays,Australia,Manila,Philippines,"https://www.google.com/destination?hl=en&gl=us&output=search&tra=%5B%22AMAbHIJtir6Fq-EnLw5Y-YA2YXAhRe7exw:1563965917600%22,%22St+lucia%22,%22/m/0j11%22%5D&tcfs=&dest_mid=/m/0195pd#dest_mid=/m/0195pd&tcfs=EhMKCS9tLzAxOTVwZBIGTWFuaWxh"
Lunar New Year,China,Honolulu HI,US,"https://www.google.com/destination?hl=en&gl=us&output=search&tra=%5B%22AMAbHIJtir6Fq-EnLw5Y-YA2YXAhRe7exw:1563965917600%22,%22St+lucia%22,%22/m/0j11%22%5D&tcfs=&dest_mid=/m/02hrh0_#dest_mid=/m/02hrh0_&tcfs=EhYKCi9tLzAyaHJoMF8SCEhvbm9sdWx1"
Lunar New Year,China,Bangkok,Thailand,"https://www.google.com/destination?hl=en&gl=us&output=search&tra=%5B%22AMAbHIJtir6Fq-EnLw5Y-YA2YXAhRe7exw:1563965917600%22,%22St+lucia%22,%22/m/0j11%22%5D&tcfs=&dest_mid=/m/0fn2g#dest_mid=/m/0fn2g&tcfs=EhMKCC9tLzBmbjJnEgdCYW5na29r"
Lunar New Year,China,Auckland,New Zealand,"https://www.google.com/destination?hl=en&gl=us&tcfs=&output=search&tra=%5B%22AMAbHILe5FC1d5WUJop7f58HJ27YTyRYJQ:1563974547580%22,%22hong+kong%22,%22/m/06t2t%22%5D&dest_mid=/m/012ts#dest_mid=/m/012ts&tcfs=EhQKCC9tLzAxMnRzEghBdWNrbGFuZA"
Lunar New Year,China,Tokyo,Japan,"https://www.google.com/destination?hl=en&gl=us&output=search&tra=%5B%22AMAbHIJtir6Fq-EnLw5Y-YA2YXAhRe7exw:1563965917600%22,%22St+lucia%22,%22/m/0j11%22%5D&tcfs=&dest_mid=/m/07dfk#dest_mid=/m/07dfk&tcfs=EhEKCC9tLzA3ZGZrEgVUb2t5bw"
Lunar New Year,China,Singapore,,https://www.google.com/destination?hl=en&gl=us&tcfs=EhkKCC9tLzAxYmtiEg1CYWxpIFByb3ZpbmNl&output=search&dest_mid=/m/06t2t#dest_mid=/m/06t2t&tcfs=EhUKCC9tLzA2dDJ0EglTaW5nYXBvcmU
Lunar New Year,Taiwan,Tokyo,Japan,"https://www.google.com/destination?hl=en&gl=us&output=search&tra=%5B%22AMAbHIJtir6Fq-EnLw5Y-YA2YXAhRe7exw:1563965917600%22,%22St+lucia%22,%22/m/0j11%22%5D&tcfs=&dest_mid=/m/07dfk#dest_mid=/m/07dfk&tcfs=EhEKCC9tLzA3ZGZrEgVUb2t5bw"
Lunar New Year,Taiwan,Sapporo,Japan,"https://www.google.com/destination?hl=en&gl=us&output=search&tra=%5B%22AMAbHIJtir6Fq-EnLw5Y-YA2YXAhRe7exw:1563965917600%22,%22St+lucia%22,%22/m/0j11%22%5D&tcfs=&dest_mid=/m/0gp5l6#dest_mid=/m/0gp5l6&tcfs=EhQKCS9tLzBncDVsNhIHU2FwcG9ybw"
Lunar New Year,Taiwan,Osaka,Japan,"https://www.google.com/destination?hl=en&gl=us&output=search&tra=%5B%22AMAbHIJtir6Fq-EnLw5Y-YA2YXAhRe7exw:1563965917600%22,%22St+lucia%22,%22/m/0j11%22%5D&tcfs=&dest_mid=/m/0dqyw#dest_mid=/m/0dqyw&tcfs=EhEKCC9tLzBkcXl3EgVPc2FrYQ"
Lunar New Year,Taiwan,Okinawa,Japan,"https://www.google.com/destination?hl=en&gl=us&tcfs=&output=search&tra=%5B%22AMAbHILe5FC1d5WUJop7f58HJ27YTyRYJQ:1563974547580%22,%22hong+kong%22,%22/m/06t2t%22%5D&dest_mid=/m/0gp71x#dest_mid=/m/0gp71x&tcfs=EhQKCS9tLzBncDcxeBIHT2tpbmF3YQ"
Lunar New Year,Taiwan,Seoul,South Korea,"https://www.google.com/destination?hl=en&gl=us&output=search&tra=%5B%22AMAbHIJtir6Fq-EnLw5Y-YA2YXAhRe7exw:1563965917600%22,%22St+lucia%22,%22/m/0j11%22%5D&tcfs=&dest_mid=/m/0hsqf#dest_mid=/m/0hsqf&tcfs=EhEKCC9tLzBoc3FmEgVTZW91bA"
Lunar New Year,Singapore,Sapporo,Japan,"https://www.google.com/destination?hl=en&gl=us&output=search&tra=%5B%22AMAbHIJtir6Fq-EnLw5Y-YA2YXAhRe7exw:1563965917600%22,%22St+lucia%22,%22/m/0j11%22%5D&tcfs=&dest_mid=/m/0gp5l6#dest_mid=/m/0gp5l6&tcfs=EhQKCS9tLzBncDVsNhIHU2FwcG9ybw"
Lunar New Year,Singapore,Seoul,South Korea,"https://www.google.com/destination?hl=en&gl=us&output=search&tra=%5B%22AMAbHIJtir6Fq-EnLw5Y-YA2YXAhRe7exw:1563965917600%22,%22St+lucia%22,%22/m/0j11%22%5D&tcfs=&dest_mid=/m/0hsqf#dest_mid=/m/0hsqf&tcfs=EhEKCC9tLzBoc3FmEgVTZW91bA"
Lunar New Year,Singapore,Tokyo,Japan,"https://www.google.com/destination?hl=en&gl=us&output=search&tra=%5B%22AMAbHIJtir6Fq-EnLw5Y-YA2YXAhRe7exw:1563965917600%22,%22St+lucia%22,%22/m/0j11%22%5D&tcfs=&dest_mid=/m/07dfk#dest_mid=/m/07dfk&tcfs=EhEKCC9tLzA3ZGZrEgVUb2t5bw"
Lunar New Year,Singapore,Taipei,Taiwan,"https://www.google.com/destination?hl=en&gl=us&output=search&tra=%5B%22AMAbHIJtir6Fq-EnLw5Y-YA2YXAhRe7exw:1563965917600%22,%22St+lucia%22,%22/m/0j11%22%5D&tcfs=&dest_mid=/m/0ftkx#dest_mid=/m/0ftkx&tcfs=EhIKCC9tLzBmdGt4EgZUYWlwZWk"
Lunar New Year,Singapore,Osaka,Japan,"https://www.google.com/destination?hl=en&gl=us&output=search&tra=%5B%22AMAbHIJtir6Fq-EnLw5Y-YA2YXAhRe7exw:1563965917600%22,%22St+lucia%22,%22/m/0j11%22%5D&tcfs=&dest_mid=/m/0dqyw#dest_mid=/m/0dqyw&tcfs=EhEKCC9tLzBkcXl3EgVPc2FrYQ"
